question,true_answers,predicted,correct
when was the last time anyone was on the moon,"14 December 1972 UTC, December 1972",December 2019,0
who wrote he ain't heavy he's my brother lyrics,"Bobby Scott, Bob Russell",Bob Russell,1
how many seasons of the bastard executioner are there,"one, one season",One season,1
when did the eagles win last super bowl,2017,Super Bowl LII,0
who won last year's ncaa women's basketball,South Carolina,South Carolina,1
when did the isle of wight become an island,During the last Ice Age,Glacial period,0
love yourself by justin bieber is about who,Rihanna,Justin Bieber,0
who was the ruler of england in 1616,James I,James I,1
what is the hot coffee mod in san andreas,a normally inaccessible mini-game,Hot Coffee Mod,0
what is the maximum data rate for the 802.11a standard select one,54 Mbit/s,54 Mbps,0
which state is located in the centre of india,"Chhattisgarh, Madhya Pradesh",Madhya Pradesh,1
who sang i ran all the way home,The Impalas,Patsy Cline,0
where did the last name wallace come from,a Scottish surname,Scottish origin,0
who was the actor that played ben stone on law and order,Michael Moriarty,Sam Waterston,0
who does the voice of nala in the lion king,"Niketa Calame, Sally Dworsky, Moira Kelly, Laura Williams",Moira Kelly,1
who plays gram on the young and the restless,Max Shippee,Christine Lahti,0
what is the oath that new citizens take,United States Oath of Allegiance,I pledge allegiance,0
who is under the mask of darth vader,Anakin Skywalker,Anakin Skywalker,1
who had a baby at 100 in the bible,"Sarah, Abraham",Sarah,1
what age do you need to be to buy a bb gun,18,18 years,0
ethiopia flight 961 crashes in to the sea,23 November 1996,Yes,0
where was percy jackson and the olympians filmed,"Vancouver, Mission, British Columbia",Greece locations,0
how many seasons of vampire diaries r there,"eight, 8",Eight,1
how many episodes are there in dragon ball z,"291 episodes, 291",291 episodes,1
who plays auggie in the movie the wonder,Jacob Tremblay,Jacob Tremblay,1
when was the first australian prime minister elected,"Sir Edmund Barton, 1901",January 1901,0
who plays matthew on anne with an e,R. H. Thomson,Will Polson,0
who is the girl in green day 21 guns,Lisa Stelly,Tracy,0
who plays joker in batman the dark knight,Ledger,Heath Ledger,0
when was the south asian association for regional co-operation (saarc) formed,"December 1985, 8 December 1985",1970,0
when was the first hunger games book published,"September 14, 2008, 2008",2008,1
who did bette midler portray in the rose,Mary Rose Foster,Norma Desmond,0
who is the lead singer of depeche mode,David Gahan,Dave Gahan,0
where did the butchers in the slaughterhouse cases live,New Orleans,New Orleans,1
who developed the concept of total quality management,W. Edwards Deming,Joseph Juran,0
who wrote cant get you out of my head lyrics,"Cathy Dennis and Rob Davis, Rob Davis, Cathy Dennis",Kylie Minogue,0
where does no game no life anime end,"the Elkia Federation, the sixth volume",Season finale,0
when did taylor swift's first album release,"October 24, 2006, 2005",2006,0
what are the three fifty shades of grey books,"Fifty Shades of Grey, Fifty Shades Darker, Fifty Shades Freed","Fifty Shades
Fifty Shades Darker
Fifty Shades Freed",0
who has the power (judicial) to make decisions in courts of law,judges,Judges,1
what are the ranks in the us navy,"E-8s senior chief petty officer, E-9s master chief petty officer","Here are the US Navy ranks:

1 Ensign
2 Lieutenant Junior Grade
3 Lieutenant
4 Lieutenant Commander
5 Commander
6 Captain
7 Rear Admiral Lower Half
8 Rear Admiral
9 Vice Admiral
10 Admiral",0
i was a great islamic scholar and mathematician who died in 1131 ce,Omar Khayyam,Alhazen,0
who is the coach for the ottawa senators,Guy Boucher,D.J. Smith,0
last episode of what happens to my family,53,They all die,0
when is the last time the vikings were in the nfc championship,"1976, 2017/18",Never,0
what are the colors of the netherlands flag,"blue, white, red",Red White Blue,0
where is lord's prayer found in bible,in the Gospel of Luke,Matthew 6,0
when was the last time oklahoma won a national championship in football,"2003, 2000",2000,1
location of the ten commandments in the bible,"Exodus, Deuteronomy",Exodus chapter 20,0
where did the allies go after north africa,"Italy, the Italian Campaign",Italy,1
what is the meaning of veronica in english,she who brings victory,True image,0
what is the name of the main artery which takes blood from the heart to the body,"The aorta, aorta",Aorta,1
who played solomon in little house on the prairie,Todd Bridges,Kevin Hagen,0
who does eric end up with in that 70s show,Donna,Fez,0
an object that moves around an external axis is said to be,"revolution or orbital revolution, orbit",Rotating,0
architectural elements forming rib vaults eg wells cathedral,"an armature of piped masonry, barrel vaults, two to three barrel vaults",Bifolium,0
who sang the song good morning good morning,"Gene Kelly, Donald O'Connor, Judy Garland, Debbie Reynolds, Mickey Rooney",The Beatles,0
who wrote papa got a brand new bag,James Brown,James Brown,1
where does a roadrunner live in the desert,"mountainous shrubland, arid lowland",Sonoran Desert,0
who wrote it's a long long way to pasadena,"John Young, Harry Vanda, David Hemmings, George Young",John Ford,0
what's the dog's name on tom and jerry,Spike,Jerry,0
who are nominated for president of india 2017,"Meira Kumar, Ram Nath Kovind",Narendra Modi,0
where does the path train stop in newark,Newark Penn Station,Penn Station,0
where does route 66 start on the west coast,in Santa Monica,Santa Monica,0
who is the first wife on sister wives,Meri,Meri Brown,0
when did houston go to the american league,2013,1969,0
when did they stop cigarette advertising on television,"January 2, 1971, 1970",1990s,0
coldplay song i will try to fix you,"""Fix You""",Fix You,0
points on a sphere or angles in a circle are measured in units called,radians,Radians,1
the oligodynamic effect is a phenomenon that describes,a biocidal effect of metals,Antimicrobial properties,0
where does the white witch live in narnia,her castle,Charn,0
how many games in a row have the uconn women's basketball team won,"111 straight wins, 111, 90",Record not found,0
is there a name for the at symbol,"commercial at, at symbol, at sign",At sign,1
who sings the theme song for the tv show cops,"Inner Circle, Jamaican reggae band Inner Circle",Lionel Richie,0
when was corporal punishment banned in south africa,1997,1997,1
who plays captain phasma in star wars the force awakens,Gwendoline Christie,Gwendoline Christie,1
who sings she's like the wind lyrics,"Wendy Fraser, Patrick Swayze",Pat Benatar,0
when did marathon change its name to snickers,19 July 1990,never happened,0
who captained the first european ship to sail around the tip of africa,Bartolomeu Dias,Vasco da Gama,0
who ordered the forbidden city to be built,Zhu Di,Ming Emperor,0
who sang let me tell you about the birds and the bees,Jewel Akens,Bing Crosby,0
who has the power to approve or veto legislation constitution,the President,The President,1
how many seasons of the rugrats are there,"9 seasons, 9",11,0
who is the minister of local government in zimbabwe,Hon July Moyo,"I don't have real-time information on current Zimbabwean officials, but as of my knowledge cutoff in 2023, I can tell you that the Minister of Local Government and Public Works was July Moyo",0
what was the initial effect of the transition from command to market economies in eastern europe,Inequality of opportunity,Disaster,0
when did toyota start making cars in the us,"by the early 1980s, 1984",1957,0
how many pieces in a terry's chocolate orange,"six, 20",20 segments,0
who plays the saint of killers on preacher,Graham McTavish,Dominic Cooper,0
when did the royal proclamation of 1763 end,"the American Revolutionary War, with the American Revolutionary War, 1783",1774,0
who is playing the halftime show at super bowl 2016,"Beyoncé, Coldplay, Bruno Mars",Coldplay,1
jonny cash one piece at a time car,Cadillac,Yes,0
what is the minimum wage in france per hour,"11.16, €9.88 per hour.",€10.20,0
describe the three phases of the normal blood clotting process,"blood coagulation, vasoconstriction,","Vascular
Coagulation
Fibrinolysis",0
when did amnesia the dark descent come out,8 September 2010,2010,0
what is the oldest street in the philippines,"Cebu City, Colon Street",Calle Real,0
where is the tibia and fibula bone located,leg,Lower leg,0
who played bat masterson in the tv series,Gene Barry,Gene Barry,1
who sings sugar sugar you are my candy girl,the Archies,The Archies,1
types of skiing in the winter olympics 2018,"Slalom, Downhill, Super-G, Giant slalom, Slalom – (SC)",Alpine Downhill Slalom GiantSlalom SuperG,0
who plays noah newman on the young and the restless,Robert Gillespie Adamson IV,Joshua Morrow,0
who has won the most games in nfl 2017,Dallas Cowboys,New England Patriots,0
under article 1 what is the minimum age required to serve in the house of representatives,"25, 25 years old",Twenty five,0
who has the most catches in nfl history,Jerry Rice,Jerry Rice,1
when does the dlc for rainbow six siege come out,January 2018,No specific date announced,0
who was the great wall of china built to defend against,"nomads from Inner Asia, nomads from Inner Asia.",Mongols,0
where does the last name galvez come from,"Spanish surname, Spanish",Spanish origin,0
who opens the church of the holy sepulchre,"the Sunni Muslim family, the Nusaybah family",The Greek Orthodox Patriarch,0
when does season 5 of the blacklist resume,"January 31, 2018",No official date announced,0
the chinese dragons are protectors of how many seas diggy,"Four Seas, Four",Four Seas,1
how much money did it cost to make gta v,137,$265 million,0
what is the angle of the tower of pisa,"about 3.99 degrees, 3.99 degrees, at about 3.99 degrees",5 degrees,0
what is the share of agriculture in indian economy,"17.32%, 23%",around 18%,0
who does demetrius love in a midsummer night dream,"Helena, Hermia",Hermia,1
when did the movie varsity blues come out,"1999, January 15, 1999",1999,1
when does the champions league quarter finals start,"16 March 2018, 3–4 April 2018",March,0
who was the famous scientist that ran the research lab moseley went to in manchester,Sir Ernest Rutherford,Ernest Rutherford,0
where do you get a cashiers check from,"a bank, bank",Bank,1
who does stefan marry in the vampire diaries,Caroline Forbes,Elena,0
what is the meaning of cc and bcc,"Carbon copy, Carbon copy to secondary recipients, Blind carbon copy","CC recipients copy 

BCC recipients blind",0
hazels boyfriend in the fault in our stars,Augustus Waters,Augustus,0
when does the day of the dead end,November 2,November 2nd,0
when do you celebrate birthday if born on feb 29,"February 29, February 28, March 1",Leap year,0
where does new york drinking water come from,the eastern Catskill Mountains,Hudson River,0
where is the citrus bowl held this year,Camping World Stadium,Orlando Florida,0
what year does the quiet man take place,"the 1920s, In the 1920s",1920s Ireland,0
how many seasons of rules of engagement is there,"7, seven",Seven,1
who plays alec ramsay in the black stallion,Kelly Reno,Kelly Reno,1
who plays dusty in the movie pure country,George Strait,George Hamilton,0
how many episodes of greys anatomy season 14,"24, 24 episodes, 21",22 episodes,0
who is currently serving as president of the senate,"Orrin Hatch, Patrick Leahy","I cannot verify who the current President pro tempore of the United States Senate is, but I can tell you that it is typically the longest-serving member of the majority party in the Senate.",0
what percentage of sunlight is captured by plants to convert it into food energy,"45%, 3 to 6%",about 2%,0
what type of economic system was utilized in the soviet union,"communism, state ownership",Command economy,0
how many gold medals did australia win in the 2000 olympics,16,8,0
who started ww2 and how did it start,Nazi Germany,Germany,0
when did the royal mint move to wales,"1968, the 1960s., 17 December 1968, the 1960s",1998,0
when did bird is the word come out,1963,1992,0
how tall is the actor who plays hagrid in harry potter,6ft 1in,Robbie Coltrane,0
who is opening for little mix glory days tour,"Sheppard, Zoe Badwi, Louisa Johnson, Bronnie, The Vamps, Ella Eyre, Conor Maynard",Paloma Faith,0
who performed the first c section in 1794,Dr. Jesse Bennett,William Hunter,0
who voices randy in f is for family,T.J. Miller,Bill Burr,0
bible verse taking the lord's name in vain,Exodus 20:7,Nehemiah 5:13,0
who controlled the house and the senate in 2012,"Republican, Democratic",Democrats,0
when's the last time army won the army navy game,"2017, Army",2019,0
when does thomas rhett's new album come out,"September 8, 2017",No release date announced,0
who won the champions league final in 2016,Real Madrid,Real Madrid,1
who is the real killer in basic instinct 2,Catherine Tramell,Catherine,0
who does the voice of mickey mouse on mickey mouse clubhouse,"Bret Iwan, Wayne Allwine",Wayne Allwine,1
when was the last episode of vampire diaries aired,"March 10, 2017, March 10, 2017",March 10 2017,0
where did the dewey decimal system come from,Melvil Dewey,Melville Dewey,0
where did the jungle book story come from,English author Rudyard Kipling,Rudyard Kipling,0
derek and meredith get back together season 3,Staring at the Sun,No,0
who did america declare war on in ww1,Austria-Hungary,Germany Austria,0
who played zoe hart on hart of dixie,Rachel Sarah Bilson,Rachel Bilson,0
what was tom hanks character name in castaway,Chuck Noland,Chuck Noland,1
what engine is in a holden v8 supercar,V8-engine,GM LS9,0
when did the sat become out of 1600,"March 2016, 2014, 2016",1995,0
when was the minimum wage established in the united states,"1938, 1933, 1912",1938,1
when did the rational dress society begin to work,1881,1881,1
what is the baby elephants name in jungle book,Hathi Jr.,Hathi,0
where is fe best absorbed in the body,"in the duodenum, the duodenum",Small intestine,0
who is the biggest selling female group of all time,Spice Girls,Spice Girls,1
epidemiologists attempt to explain the link between health and variables such as,"biological agents, disease conditions in defined populations, smoking, stress, chemicals, alcohol",Environmental factors,0
who won the mens single ice skating 2018,"Yuzuru Hanyu, Javier Fernández, Shoma Uno",Yuzuru Hanyu,1
where is the boy who played charlie in willy wonka,"Peter Gardner[4] Ostrum, Lowville, New York",Gene Wilder,0
where was the first session of the assam association held in1905,Guwahati,Calcutta,0
who played ice queen in chronicles of narnia,"Tilda Swinton, Laura Brent",Tilda Swinton,1
when is season 2 of jessica jones being released,"March 8, 2018",Not announced,0
when was united nations convention on the rights of the child created,20 November 1989,1989,0
swan lake the sleeping beauty and the nutcracker are three famous ballets by,Pyotr Ilyich Tchaikovsky,Tchaikovsky,0
what type of database is library literature and information science,"bibliographic database, bibliographic",Information database,0
when did the united states start using the death penalty,"the beginning, 1608",1608,1
when was coffee first made into a drink,"15th century, the 15th century",Ethiopia 15th century,0
who is jared on the bold and the beautiful,Andrew Collins,Jared Maxwell,0
who wrote knock knock knocking on heavens door,Bob Dylan,Bob Dylan,1
when did the movie napoleon dynamite come out,"June 11, 2004, 2004",2004,1
who starred in an officer and a gentleman,"Richard Gere, David Keith, Louis Gossett Jr., Debra Winger, Phillip J. Salmon",Richard Gere,1
who plays chummy's mother in call the midwife,Cheryl Campbell,Pam Ferris,0
name two fibres which are made of proteins,"feathers, hair, wool, fur, silk",wool silk,0
how many super bowl games has the patriots played in,"10, ten, ten times",Seven,0
where do they put the tomb vampires in order to burn them during founders day,the Gilbert building,The Pit,0
who is the king and queen of the netherlands,"Queen Máxima of the Netherlands, King Willem-Alexander",Willem Alexander Maxima,0
where is gall bladder situated in human body,beneath the liver,Belly wall,0
what is the current population of bora bora,"10,605","around 10,000",0
where does tropic of cancer pass in india,"Chhattisgarh, West Bengal, Gujarat, State of Tripura, Jharkhand, State of Mizoram, Madhya Pradesh, Rajasthan",Kerala,0
who made the song falling in love with you,"Hugo Peretti, George David Weiss, Elvis Presley, Luigi Creatore",Whitney Houston,0
which is produced in plants of narora kakrapar tarapur,Atomic Power,Uranium,0
what is the first book of percy jackson,The Lightning Thief,The Lightning Thief,1
who was originally cast to play indiana jones,Tom Selleck,Tom Selleck,1
what proposition made the insurance commissioner an elected position,"Proposition 103, Proposition 103 in 1988",Proposition 103,1
who played amy grant i i can only imagine,Nicole DuPort,Kari Kampakis,0
who sings the song only in my dreams,Debbie Gibson,Adele,0
who appoints the chair of the federal reserve system,President of the United States,Congress,0
who wins the next iron chef super chefs,"Zakarian, Geoffrey Zakarian",I do not have information on future episodes of Iron Chef Super Chefs,0
when does body temperature tend to be lowest,11 p.m. to 3 a.m.,nighttime,0
who sings the whiskey ain't workin anymore,"Dennis Locorriere, Marty Stuart, Travis Tritt, Tim Passmore, Travis Tritt and Marty Stuart",Kenny Chesney,0
what year is it for the jewish calendar,"AM 5778, 5778",5784,0
chief ministers of tamil nadu mentioned on wikipedia,"Ramakrishna Ranga Rao, Tanguturi Prakasam, P. Subbarayan, M. G. Ramachandran, Janaki Ramachandran, P. T. Rajan, J. Jayalalithaa, M. Karunanidhi, A. Subbarayalu Reddiar, C. N. Annadurai, P. S. Kumaraswamy Raja, K. Palaniswami, O. Panneerselvam, V.R. Nedunchezhiyan, Raja of Panagal, O. P. Ramaswamy Reddiyar, Kurma Venkata Reddy Naidu, B. Munuswamy Naidu, C. Rajagopalachari",List available,0
what is the function of a political action committee (pac),pools campaign contributions from members,Supports candidates,0
who has the most followers in the world on instagram,"Instagram's own account, Instagram",Cristiano Ronaldo,0
what type of political system does el salvador have,"a presidential representative democratic republic, ""flawed democracy"", presidential representative democratic republic",Presidential republic,0
where is simple squamous epithelium found in the body,"alveoli, outer layer of skin, capillaries, glomeruli",Blood vessels,0
who is president of india in present time,Ram Nath Kovind,Droupadi Murmu,0
what role does the president play in foreign affairs,negotiates treaties with foreign nations,Chief Diplomat,0
when did ole miss beat alabama in football,"October 3, 1970, September 11, 1976, October 13, 2001, October 27, 1894, October 18, 2003, November 5, 1910, October 8, 1988, October 4, 2014, September 19, 2015, October 5, 1968",2014,0
what grade was arnold from hey arnold in,fourth,4th grade,0
who translated the play neel darpan into english,"Michael Madhusudan Dutta, Reverend J.Long",Rajinder Singh Bedi,0
when does the miz and maryse show start,2018,TBA,0
what channel is celebrity big brother on in the usa,"CBS, on CBS",CBS,1
what is on top of us capitol building,The Statue of Freedom,The United States Flag,0
who made the most free throws in nba history,Karl Malone,Stephen Curry,0
who is the first president to be impeached,"Andrew Johnson, Johnson",Andrew Johnson,1
why does kerosene oil rise up in the wick of lantern,capillary action,Evaporation,0
when did the sims 4 toddlers come out,"January 2017, January 12, 2017, the January 2017 patch",March 2017,0
how many episodes of season 5 of curse of oak island,18,24 episodes,0
how many episodes of touching evil are there,16,20 episodes,0
hyori bed and breakfast season 2 air date,"February 4, 2018",Not announced,0
if a piece of music is perceived to have changed key then we say the piece has,"transposed, transposition",modulated,0
who has the most gold medals in the winter olympics of all time,Norway,Germany,0
who sings the song let me love you,"DJ Snake featuring Justin Bieber, Justin Bieber, Singh H Spot",Justin Bieber,1
when is the fourth movie of the divergent series coming out,never made,Never,0
the cast of don't tell mom the babysitter's dead,"Kimmy Robertson, Jeff Bollow, John Getz, Keith Coogan, Joanna Cassidy, Concetta Tomei, Robert Hy Gorman, David Duchovny, Jayne Brook, Eda Reiss Merin, Christopher Pettiet, Dan Castellaneta (voice), Josh Charles, Danielle Harris, Michael Kopelow, Christina Applegate",John Leguizamo,0
the outer layer of the skin that contains no blood or nerve supply is the,epidermis,Epidermis,1
who won the battle of the first battle of bull run,"Confederate victory, Confederate forces, Confederate",Confederate,1
which country has the most coastline in the world,Canada,Canada,1
who won battle of the sexes tennis game,Billie Jean King,Billie Jean King,1
who won in the brown vs board of education case,defendants,Brown,0
ganglion axons forming the optic nerve run to the,"pretectal nucleus, suprachiasmatic nucleus, photoreceptor cells, lateral geniculate nucleus, optic chiasma",Thalamus,0
when did the word of wisdom become mandatory,February 1834,Mormonism,0
element named after fictional planet from which superman came,Kryptonite,Kryptonite,1
who wrote and performed i can only imagine,"Bart Millard, Christian rock band MercyMe, MercyMe",Meredith Andrews,0
what are the active materials of a lead acid battery,"Lead, sulfuric acid, Lead and lead dioxide, lead dioxide",Lead plates,0
the roman name for a liberal arts education is known as,"liberalia studia, artes liberales",Trivium,0
who sings you're welcome in moana credits,"Dwayne Johnson, Lin-Manuel Miranda, Jordan Fisher",Alan Menken,0
who developed the central processing unit (cpu),John von Neumann,Charles Babbage,0
who was kat slater's sisters in eastenders,"Zoe, Little Mo, Lynne",I couldn't find any information on a character named Kat Slater having sisters in EastEnders,0
what is katie running from in safe haven,her abusive husband,Abusive father,0
when did they replace lead with graphite in pencils,never contained the element lead,1850s,0
what started the war between us and japan,attack on Pearl Harbor,Pearl Harbor,0
how old is the actress who plays phyllis on y&r,"Gina Tognoni, age 44",Genie Francis,0
who wrote the french declaration of the rights of man and of the citizen,"General Lafayette, Honoré Mirabeau, Lafayette, Thomas Jefferson",Jean Jacques Rousseau,0
when does sam realize he is jim in ghost whisperer,Leap of Faith,Season 4 episode 13,0
what size engine does a 2005 honda civic have,1169 cc,1.6L,0
who won college basketball player of the year,"A'ja Wilson, Jalen Brunson",Peyton Surtain,0
a single period of precession of earth's axis is completed in about,"approximately 26,000 years, 26,000 years","26,000 years",1
locations for the film an englishman who went up a hill,"Llanrhaeadr-ym-Mochnant, Llansilin in Powys",Bolton Abbey,0
rizal finished all the chapters of the novel noli me tangere in,"December 1886, Spanish",1887,0
who sang the superbowl national anthem in 2017,Luke Bryan,Lady Gaga,0
who did the singing in into the woods,"the cast, the cast members",Idina Menzel,0
which country has won maximum number of gold medal in asian game 2014,China,China,1
which country is the last member of saarc,Afghanistan,Afghanistan,1
who plays timon in lion king on broadway,Max Casella,Javier Muñoz,0
what caused the breakup of the democratic republican party,the disputed 1824 presidential election,Fiscal disagreements,0
most passing yards in nfl history in a game,"Norm Van Brocklin, 554",George Blanda,0
who has won the most college football national champions,Princeton,Alabama,0
what languages are spoken in india the most,"Bengali, Telugu, Marathi, Hindi, English",Hindi English,0
what is the name of the hyena in lion king,"Banzai, Shenzi, Ed",Shenzi,1
what is the meaning of the dragon boat festival,commemorating fealty and filial piety,Honoring ancestors,0
what was the real name of saudi arabia,the Saudi Arab kingdom,Hejaz,0
what is the function of the pericardial sac,Lubricates the heart,Protects heart,0
chris cornell she's going to change the world,Can't Change Me,Powerful,0
who played the mad hatter in the batman tv show,"Roddy McDowall, David Wayne, Benedict Samuel",John Astin,0
who played the colorado kid in rio bravo,Ricky Nelson,Dean Martin,0
other than water what else has hydrogen bonds,inorganic molecules such as water,ammonia,0
where was when we first met netflix filmed,New Orleans,South Korea,0
who was the viceroy when the simon commission visited india,Lord Irwin,Lord Irwin,1
what category was hurricane charley when it hit florida,"4, Category 4, Category 4",Category 4,1
when did the united states host the world cup,1994,Never,0
is parallax more pronounced with nearby stars or with distant stars,"nearby objects, nearby",Distant,0
when did the us not go to the olympics,"The 1980 Summer Olympics, 1980",never,0
number 4 in roman numerals on clock faces,IV,IV,1
when was the last year the eagles went to the superbowl,"following the 2017 season, 2017",LII,0
who is the team that beat the eagles this season,"Dallas Cowboys, Seattle Seahawks, Kansas City Chiefs","I'm a large language model, I don't have real-time information and my knowledge cutoff is December 2023. However, as of my knowledge cutoff, I can tell you that the Philadelphia Eagles are a professional American football team that competes in the National Football League (NFL). If you're looking for information on a specific game or season, please let me know and I'll do my best to provide an answer based on my training data.",0
when did lionel messi play his first game for barcelona,"2002, 2001, October 2004",2004,0
who won the super heavyweight gold medal at the 2000 olympics,Audley Harrison,Audley Harrison,1
who turns into a bear in the hobbit,Beorn,Radagast,0
batman the enemy with episode 5 release date,"March 27, 2018",Not announced,0
yeh hai mohabbatein serial star cast real name,Divyanka Tripathi and Karan Patel,"Kavita Kapoor 
Shabbhir Ahluwalia
Rajat Sharma 
Smriti Kalra 
Sumeet Raghavan 
Anurag Sharma 
Aishwarya Narkar",0
where is the slide placed on the microscope,"stage, on the microscope's stage",Stage,1
when did mcgee became a regular on ncis,"in season two, season two",Season 2,0
who owns the crown plaza hotel in chicago illinois,InterContinental Hotels Group,Marriott International,0
when was the last time the eu was audited,1994,2019 report,0
the legend of heroes trails in the sky the 3rd vita,"July 14, 2016",Action RPG,0
when was a series of unfortunate events published,September 1999,1999,0
who will win 2018 election in sri lanka,Sri Lanka Podujana Peramuna,Sri Lanka Perahera,0
what is the name for the ch3coo- ion,polyatomic anion,formate,0
what type of government did the ming dynasty have,imperial rule,Imperial autocracy,0
who did us fight in world war 1,"Germany, Austria-Hungary",Central Powers,0
when was rosencrantz and guildenstern are dead written,1966,1959,0
nuclear power plant that blew up in russia,"Chernobyl Nuclear Power Plant, Chernobyl, the Chernobyl Nuclear Power Plant",Chernobyl,1
who sang picking up pebbles and throwing them into the sea,Matt Flinders,The Cranberries,0
how many breeds of pigs are there in the uk,---,Twenty six,0
where did the battle of corinth take place,"in Corinth, Mississippi, Corinth, Mississippi",Ancient Corinth,0
who sings the song i'll never forget you,"Mariah Carey, Zara Larsson and MNEK, Noisettes",Celine Dion,0
who played shmuel in the boy in the striped pyjamas,Jack Scanlon,Asa Butterfield,0
who sang rip it up and start again,"Scottish post-punk band Orange Juice, Orange Juice",The Smiths,0
what are the 4 types of nitrogenous bases,"cytosine (C), adenine (A), uracil (U), thymine (T), guanine (G)",Adenine Guanine Cytosine Thymine,0
where are alkali metals located on the periodic table,"in the s-block, group 1",Group 1,1
where is the capital city of alabama located,Montgomery,Montgomery,1
what year did the us hockey team won the olympics,"1960, 1960 and 1980, 1980",2018,0
what is the order of the netflix marvel shows,"Marvel's Iron Fist, Marvel's Daredevil, Marvel's The Punisher, Marvel's Jessica Jones, Marvel's The Defenders, Marvel's Luke Cage","Daredevil Iron Fist Jessica Jones Luke Cage

Inhumans The Defenders The Punisher The Falcon and the Winter Soldier WandaVision Loki Hawkeye Moon Knight She-Hulk What If",0
who did the broncos beat in the super bowl,"Carolina Panthers, Atlanta Falcons, Green Bay Packers",Panthers,0
who had created the second bank of the united states,"President James Madison, James Madison",Alexander Hamilton,0
where is the highest level of fluoride stored in the teeth,surface of the enamel,Enamel surface,0
when was as you like it first performed,1603,1599,0
when was the latest version of chrome released,2018-01-22,96.0.4664.45,0
who made delhi as capital for the first time,the Pandavas,Qutb ud din Aibak,0
who is tinker air force base named after,Major General Clarence L. Tinker,Tinker,0
when were the winnie the pooh books written,"1924, 1926, 1927, 1928",A.A Milne,0
what is final season of game of thrones,"The eighth, eighth, the eighth season",Season 8,0
when do new episodes of riverdale season 2 come out,"February 7, 2018, April 18, 2018, October 11, 2017, TBA, January 31, 2018",Netflix release dates,0
where is arachidonic acid found in the body,"brain, muscles, liver",Brain tissue,0
who has the most all ireland hurling medals,Henry Shefflin,Christy Ring,0
who hit the first home run in the houston astrodome,Mickey Mantle,Don Mincher,0
when did the eagles play in the superbowl,"February 6, 2005",four times,0
when will fairy tail final season be released,2018,Never,0
when did seat belts become law in ontario,"January 1, 1976",1976,0
when did response to state of the union start,"in 1966, 1966",1781,0
when does madea's family funeral come out,2018,August 12th,0
when did canada get rid of the death penalty,"July 14, 1976, 1976, 1998",1987,0
when does the new gotham season come out,"September 21, 2017, September 21, 2017",No official release date announced,0
who lasted the longest in the royal rumble,Rey Mysterio,Goldust,0
star wars episode ii attack of the clones characters,"Chancellor Palpatine / Darth Sidious, Anakin Skywalker, Mace Windu, Padmé Amidala, R2-D2, Yoda, Count Dooku / Darth Tyranus, Obi-Wan Kenobi, C-3PO","Obi Kenobi
Anakin Skywalker
Padmé Amidala
Jango Fett
Mace Windu
Yoda
Count Dooku
Bail Organa",0
what does hp mean in war and order,hit points or health points,Hero Points,0
who is the owner of reading football club,"Xiu Li Dai, Dai Xiuli, Dai Yongge, Yongge Dai",Tony Bloom,0
who is given credit for the gnu initiative,Richard Stallman,Richard Stallman,1
who is edmund on days of our lives,Adam Caine,Edwin Hastings,0
when did the nba create the 3 point line,"the 1979–80 season, 1979–80 season",1984,0
what is an example of a tricyclic antidepressant,Amineptine,Amitriptyline,0
when was the canadian pacific railway started and finished,between 1881 and 1885,1867-1885,0
who played the creature on jeepers creepers 3,Jonathan Breck,Jonathan Breck,1
who plays unis in she's the man,Emily Perkins,Amanda Bynes,0
who played the mom on what's eating gilbert grape,Darlene Cates,Mary Steenburgen,0
the fertile crescent is located between what two bodies of water,"Tigris and Euphrates rivers, Tigris, Euphrates",Tigris Euphrates,0
what episode does goku give up against cell,"165, 180",None,0
sri lanka belongs to which part of asia,South Asia,South Asia,1
when was the first nuclear power plant opened,"December 20, 1951, June 27, 1954, On June 27, 1954, the USSR, December 2, 1942",1957,0
who plays the dad in nanny mcphee and the big bang,Ewan McGregor,Alan Rickman,0
when was the taming ofthe shrew first performed,prior to June 1592,1590s,0
how many languages in harry potter translated into,"over 74, over 74 languages",over twenty,0
when was the last time giants won superbowl,2011,Super Bowl XLII,0
who are the co hosts on the real,"Tamar Braxton, Loni Love, Adrienne Houghton, Tamera Mowry-Housley, Jeannie Mai",Terry Crews Loni Love,0
to transplant a nucleus from one cell to another cell a scientist would use,somatic cell nuclear transfer,Micromanipulator,0
when did the golden state warriors win the finals,"1947, 1975, 1956, 2015, 2017",2015 2017 2018,0
who plays general hux in the last jedi,Domhnall Gleeson,Domhnall Gleeson,1
who ran the fastest 40 yard dash in the nfl,"Jakeem Grant, John Ross",John Ross,1
when was the last time new zealand had an earthquake,11 Jul 2017,February 15 2023,0
who is the actor that plays dr. sean murphy,Freddie Highmore,Jeremy Davies,0
who played gino in a place to call home,Aldo Mignone,Rodger Corser,0
what is the pirates of the caribbean in order,"On Stranger Tides, At World's End, Dead Men Tell No Tales, Dead Man's Chest","Pirates of Caribbean movies in order are 

1 The Curse of the Black Pearl
2 Dead Man's Chest
3 At World's End
4 On Stranger Tides
5 Dead Men Tell No Tales",0
what does the pearl symbolize in the bible,the Kingdom of Heaven,Purity,0
what album is sacrifice by elton john on,"Sleeping with the Past., Sleeping with the Past",The Fox,0
who proved that cells come from other cells,"Matthias Schleiden, Robert Hooke, Robert Remak, Theodor Schwann, Rudolf Virchow",Theodor Schwann,1
who holds the world record for the most world records,Ashrita Furman,Ashrita Furman,1
who is the designer in devil wears prada,Valentino Garavani,Miranda Priestly,0
where does dividends go on cash flow statement,the financing activities section,Dividends paid,0
when was the 50th star added to the united states flag,1960,1959,0
what is the ethnic background of the shib sibs,Japanese,Korean American,0
name the four major layers of the earth in order,"a liquid outer core, an outer silicate solid crust, a highly viscous mantle, a solid inner core",Crust mantle outer core inner core,0
how much for a passport in the philippines,"$60 abroad, ₱950",PHP 950,0
who was mr.owen in and then there were none,Justice Lawrence John Wargrave,Justice Wargrave,0
when did gaurdians of the galaxy 2 come out,"2017, May 5, 2017",May 5th 2017,0
kings and queens of england in the 1900s,"George V, George VI, Edward VIII, Elizabeth II, Edward VII",Victoria Edward VII George V Edward VIII George VI Elizabeth II,0
who made the poppies at tower of london,"Paul Cummins, Tom Piper, stage designer Tom Piper",Humphrey Lestrange,0
what season does bart bass die in gossip girl,),Season 4,0
who is the first indian woman to be canonized as a saint,Saint Alphonsa,Mother Teresa,0
who is in charge of ratifying treaties in the us,"the Executive branch, the President, Senate, the Senate",The Senate,1
what is the name of the first earthquake early warning system,"1991, The Mexican Seismic Alert System",J-Alert,0
when was the last time the military drafted,"1973, 1972, December 1972",Vietnam era,0
how many episodes of corrie has there been,"9,436","over 10,000",0
when do primary ossification centers appear in an embryo,prenatal development,Around week 6,0
when was the biltmore house opened to the public,March 1930,1889,0
most of new zealands land supports which economic activity,"agriculture, Pastoral farming",Agriculture,1
where does hydrogen peroxide come from in the body,nearly all living cells,Mitochondria,0
who wrote old flames cant hold a candle to you,"Pebe Sebert, Pebe Sebert and Hugh Moffatt, Patricia Rose Sebert, Hugh Moffatt",Dolly Parton,0
where was the killing of a sacred deer filmed,Cincinnati,Northern Ireland,0
who plays hannibal in silence of the lambs,Anthony Hopkins,Ted Levine,0
who plays the dragon queen from game of thrones,Emilia Clarke,Emilia Clarke,1
when did the first ice age come out,"2002, March 15, 2002",1980,0
when was the term social justice first used,"the 1840s, 1840s",1792,0
when is the publishers clearing house sweepstakes drawing,just after the Super Bowl,Monthly,0
who played the elephant man in the film,John Hurt,John Hurt,1
when was the last time the ducks won the stanley cup,"(2006–07), 2006–07",Never,0
where do rory and paris go to college,"Yale University, Yale University,",Harvard University,0
who has won the eurovision song contest the most times,"Ireland's Johnny Logan, Ireland",Ireland,1
who is the director of taarak mehta ka ooltah chashmah,"Malav Suresh Rajda, Harshad Joshi",Jethalal Shah,0
genre of diary of a wimpy kid the getaway,"Children's novel, Graphic Novel",Humorous fiction,0
when is the met office leaving the bbc,31 March 2018,No announcement,0
what is billy last name in where the red fern grows,"Colman, Billy Colman",Bullerman,0
who did puerto rico belong to before the u.s,"Taíno, indigenous Taíno people, Spain",Spain,1
what is the population of st petersburg fl,"260,999, 257,083","346,000",0
when did the study of media effects begin,"1919, 1975",1920s,0
who plays heather in beauty and the beast,Nicole Gale Anderson,Joanna Cassidy,0
how many customers does edf have in the uk,"5.7 million customer accounts, 5.7 million",I cannot verify how many customers EDF has in the UK,0
where does the formation of atp take place,"plasma membrane in bacteria, inner mitochondrial membrane, thylakoid membrane, mitochondrial membrane in eukaryotes",Mitochondria,0
who is jack's mother in when calls the heart,Charlotte Thornton,Elizabeth Thatcher,0
who was the head of the spanish inquisition,"Grand Inquisitor, Tomás de Torquemada, Dominican Tomás de Torquemada",Tomas de Torquemada,0
what does istj mean in a personality test,"Extroverted Thinking (Te), Extroverted Intuition (Ne), Introverted Sensing (Si), Introverted Feeling (Fi)",Introverted Analyst,0
how many seasons are there for lost girl,"5, five",5,1
who plays artemisia in 300 rise of an empire,"Caitlin Carmichael, Eva Green, Jade Chynoweth",Eva Green,1
when did the the regulatory reform (fire safety) order 2005 first come into effect,1 October 2006,1st October,0
when did the bill of rights come out,"1689, 16 December 1689",December 15 1791,0
when did the east india company take control of india,"in 1757, 1757, 1799, 1612",1757,1
who was elected president in mexico in 2000,Vicente Fox,Vicente Fox,1
when does season 6 of the next step start,2018,No release date announced,0
where do the sharks play in san jose,"the SAP Center, SAP Center, SAP Center at San Jose",SAP Center,1
abbreviated name of the highest peak in tasmania,Mount Ossa,Mount Ossa,1
who played alex cross in along came a spider,Morgan Freeman,Morgan Freeman,1
who has the most wins on around the horn,Woody Paige,Kevin Harlan,0
what are the main sources of economic growth in the us currently,"pharmaceuticals, heavy machinery, telecommunications, aircraft","Technology services
Healthcare
E-commerce",0
who are the australia's got talent judges,"Kelly Osbourne, Ian Dickson, Ian ""Dicko"" Dickson, Eddie Perfect, Sophie Monk",Mel B Simon Cowell David Walliams,0
who sang the song i wanna be sedated,the Ramones,The Ramones,1
what is the setting of the book hoot,Florida,Arizona desert,0
when is season 3 of grace and frankie being released,"March 24, 2017",Never announced,0
what does the sun represent on the uruguay flag,the May Revolution of 1810,White Sun,0
who was in charge of the revolutionary war,"General George Washington, the king",George Washington,0
why was hong kong important to the british empire,a centre for international trade,Trade hub,0
what position did doug peterson play in the nfl,"holder on placekicks, quarterback",Quarterback,1
where is creatine phosphate found in the body,"brain, pancreas, skeletal muscle and the brain, muscle cells, heart",Muscle cells,1
criminal minds what episode does jj find out she pregnant,"in April 2011, The Crossing",Season 5 Episode 9,0
when was harry potter and the philosophers stone published,"in 1997, 1997",1997,1
who played the twins in darling buds of may,"Christina Giles, Katherine Giles",Lori Loughlin,0
when did skiing halfpipe become an olympic event,2014,2014,1
who plays at the prudential center in newark,"Seton Hall Pirates, New Jersey Devils",New Jersey Devils,1
where was the first colony in north america located,Virginia,Jamestown,0
during the first world war against which country germany did not fight,Austria-Hungary,Austria Hungary,0
who did the minnesota vikings lose to in the super bowl,"Pittsburgh Steelers, Oakland Raiders, Miami Dolphins, Kansas City Chiefs",Washington Redskins,0
who was the aztec ruler when the spanish arrived,"Moctezuma II, emperor Cuauhtemoc",Moctezuma II,1
product-market fit means being in a good market with a product that can satisfy that market,Mark Andreessen,Market alignment,0
who does bryce dallas howard play in the grinch,Surprised Who,Cindy,0
who plays the robot on the orville show,Mark Jackson,Mark Jackson,1
the group that officially elects the president of the united states is called,"the U.S. Electoral College, U.S. Electoral College",Electoral College,0
how many wars held between india and pakistan,four,Three major,0
when was the young and the restless first aired,"March 26, 1973",March 26th 1973,0
what was the emperor name in star wars,"Darth Sidious, Sheev Palpatine",Palpatine,0
who has won 2017 women's singles korean open series badminton championship,P. V. Sindhu,P.V Sindhu,0
what is the full form of cfc's,Chlorofluorocarbons,Chlorofluorocarbons,1
the most important battles in the revolutionary war,"Philadelphia campaign, Yorktown campaign, Saratoga campaign, Boston campaign, Invasion of Quebec","Here are some of the most important battles in the Revolutionary War:

1. Lexington and Concord
2. Bunker Hill
3. Long Island
4. Trenton
5. Saratoga
6. Monmouth
7. King's Mountain
8. Cowpens
9. Yorktown",0
who does eric end up with in gossip girl,Jenny,Chuck Bass,0
when was the first temple built in jerusalem,the mid-10th century BCE,Solomon's Temple,0
when did the steel mills closed in youngstown ohio,"September 19, 1977",1980s,0
when was the last time the jets won a playoff game,2010,2010,1
who sings the song it ain't me,"Selena Gomez, American singer Selena Gomez",Ariana Grande,0
is it marley and me or marley and i,Marley & Me,Marley and Me,0
when did vat change from 17.5 to 20,4 January 2011,January 2011,0
when did seattle slew win the triple crown,"1977, in 1977",No Seattle Slew won the Triple Crown,0
who sings too much time on my hands lyrics,Tommy Shaw,The Kinks,0
nba record for most double doubles in a season,Tim Duncan,Wilt Chamberlain,0
who is super bowl 2018 half time show,Justin Timberlake,Justin Timberlake,1
all the motor neurons that control the skeletal muscles are,"efferent nerves, Somatic motor neurons, Somatic",Alpha motor neurons,0
who became the king of ayodhya after ram,Kusha,Bharat,0
who wrote lyrics for phantom of the opera,"Charles Hart, Charles Hart and Richard Stilgoe, Richard Stilgoe",Charles Hart,1
what album is help by the beatles on,Help!,Help,0
who was the king of england in 1756,George II,George II,1
where is the left anterior descending artery located,the left coronary artery,Left anterior descending artery LAD,0
who does the head of the fbi report to,"the Director of National Intelligence, the Attorney General",The Director,0
who sings every light in the house is on,Trace Adkins,Kacey Musgraves,0
what is the meaning of the harp in ireland,the arms of Ireland,Symbol of Ireland,0
who wrote got this feeling in my body,"Max Martin, Johan Schuster, Justin Timberlake",Kendrick Lamar,0
when does like cage season 2 come out,"June 22, 2018",No release date,0
when did frank sinatra first sing new york new york,"1980, 1979",1969,0
where was the salvation army's christmas collection kettle first introduced,"San Francisco, in San Francisco",New York,0
who is jojo in horton hears a who,Jesse McCartney,Horton's friend,0
what song is played while raising the american flag,"Reveille, ""Reveille""",The Star Spangled Banner,0
this poster was created to increase support for the war effort.the poster links food rationing to,aiding the war effort,National Defense,0
how many countries does cadbury sell its products,"more than 50 countries worldwide, more than 50",Over hundred,0
when did mcdonald's sell 1 million burgers,By 1965,1955,0
what are the power of supreme court in the philippines,Justices,Judicial review,0
when does the last episode of adventure time air,TBA,March 2018,0
who are the cast members of ncis new orleans,"Zoe McLellan, Lucas Black, Daryl ""Chill"" Mitchell, Shalita Grant, Rob Kerkovich, Vanessa Ferlito, Daryl Mitchell, Scott Bakula, CCH Pounder","Scott Bakula
Rob Kerkovich
Daryl Mitchell
Shalita Grant
Nia Long
Chelsea Field",0
what word is used to describe knowledge about the universe and method of obtaining that knowledge,"epistemology, Empiricism",Cosmology,0
how many paintings of sunflowers did van gogh paint,two,Over hundred,0
when was the $1 000 bill discontinued,"1969, December 27, 1945, July 14, 1969",1976,0
what's the population of prince edward island,"142,907 residents, 142,907",around 157000,0
how many ceos of fortune 500 companies are female,32,Few,0
where is the orinoco river located on a map,in South America,South America,0
when was the debating club established in almora,"1871 A.D., 1871","I couldn't find any information on a debating club in Almora, so I can't provide an answer.",0
when was the last time the boston red sox pitched a no-hitter,"May 19, 2008",2018,0
who was the french chef given credit for developing the classic kitchen​ brigade,Georges Auguste Escoffier,Georges Auguste,0
when does the cannes film festival take place,"Cannes, France, usually in May",Mid May,0
who plays the dad in pretty in pink,Harry Dean Stanton,John Cusack,0
unsaturated fats are comprised of lipids that contain,"double bond, at least one double bond",Double bonds,0
when do the new episodes of supernatural start,"May 10, 2018",Season 15,0
who won the award for best goalkeeper in football world cup 2006,Gianluigi Buffon,Gianluigi Buffon,1
what is upstream project in oil and gas,drilling exploratory wells,Upstream development,0
is a network connection device that can build tables that identify addresses on each network,"routing table, a router",Router,0
the era of the great mughals began with the accession of,"Akbar the Great, Babur",Babur,1
what was the final episode of quantum leap,"""Mirror Image""",The Goodbye,0
when was the first election held in india,1951–52,1857,0
who has been appointed as the election commissioner of india,Om Prakash Rawat,Arun Goel,0
who discovered cells divide to make new cells,"Hugo von Mohl, German botanist Hugo von Mohl",Antonie van Leeuwenhoek,0
where does a brisket come from on a cow,"the breast or lower chest, breast or lower chest",Lower belly,0
what are the parts of a domain name called,"subdomain, top-level domain, hostname",Top level domain TLD subdomain,0
who does april end up with on parks and rec,"Andy, Andy Dwyer",Andy Dwyer,1
who played tom in four weddings and a funeral,James Fleet,Hugh Grant,0
who sings don't take your guns to town,"U2, Johnny Cash",Johnny Cash,1
where did huntington's disease get its name,the physician George Huntington,George Huntington,0
when was the last time michigan won the championship,1989,2008,0
who did deion sanders go in the hall of fame as,Cornerback,Atlanta Falcons,0
who are the leaders of the jehovah witnesses,"Gerrit Lösch, Kenneth Cook, Mark Stephen Lett, Mark Sanderson, Anthony Morris III, Samuel F. Herd, David H. Splane, Geoffrey Jackson",Gerald R. Miller,0
who was originally cast as phoebe on charmed,Lori Rom,Holly Marie Combs,0
who turned out to be the mother on how i met your mother,Tracy McConnell,Tracy McConnell,1
animals that are active at dawn and dusk,"Crepuscular, crepuscular, Crepuscular animals",Cheetahs deer,0
whos jack the ripper in gotham by gaslight,Jacob Packer,Jack the Ripper,0
where do secondary xylem and phloem cells arise from,"The vascular cambium, the vascular cambium",Primary meristems,0
who did johnny manziel play college football for,"Texas A&M, Texas A&M University, Texas A&M Aggies",Texas A&M,1
who sings the christmas song mary did you know,Michael English,Kari Jobe,0
who sang gonna sit right down and write myself a letter,Fats Waller,Hank Williams,0
who picks the players in the nfl draft,each team,NFL teams,0
who sings got my mind set on you,"James Ray, George Harrison",Aretha Franklin,0
when did the song here comes the boom come out,"May 2002, May 14, 2002",2009,0
who sang the song i think we're alone now,"Tiffany, Tommy James and the Shondells",Tina Turner,0
when did we first put a rover on mars,January 2004,July 4 2004,0
who were the members of the traveling wilburys group,"Roy Orbison, Jeff Lynne, George Harrison, Bob Dylan, Tom Petty",Tom Petty Bob Dylan George Harrison Jeff Lynne Roy Orbison,0
who won game 4 of the 2000 nba finals,Los Angeles Lakers,Lakers,0
what is the highest peak in the ozarks,"Lookout, Buffalo Lookout",Taum Sauk Mountain,0
what is the name of the last episode of spongebob,"""Bottle Burglars"", The String",Finale,0
when was the last grand slam hit in the world series,2016,2018,0
when does episode 29 of boruto come out,"October 18, 2017",I don't have information on future episodes,0
where was the tv show in the heat of the night filmed,"Decatur in Dekalb County, Atlanta, Covington, Georgia, Hammond, Louisiana",Meridian Mississippi,0
who are the judges on do you think you can dance,"Nigel Lythgoe, Mia Michaels, Adam Shankman",Mary Murphy Nigel Lythgoe,0
the most common form of megalithic architecture in europe is,"the portal tomb, portal tomb",Stone circles,0
how long was dark side of the moon number 1,"a week, 42:49",Sixty weeks,0
the golden age of india took place during the rule of the,"Chandragupta II, Samudragupta, Chandragupta I, Gupta Empire, Vishnu Gupta, the Guptas, Sri-Gupta",Gupta dynasty,0
what is the origin of the name robinson,English language patronymic surname,English surname,0
when was the first super bowl the eagles ever won,"2017, 1948",Super Bowl XXXIX,0
who has the best batting average in test cricket,"Australia's Sir Donald Bradman, Don Bradman, Sir Donald Bradman",Don Bradman,1
how long has it been since eagles went to super bowl,2018,2018,1
who built the tower of london in 1066,William the Conqueror,William the Conqueror,1
where is fulda and what is its significance,"Hesse, Germany, on the river Fulda",Germany,0
who overthrew the mongols and established the ming dynasty,Zhu Yuanzhang,Zhu Yuanzhang,1
when was the first book made into a movie,1924,Frankenstein 1818,0
when did tim hortons open in the usa,1981,1984,0
when was the reaper invented by cyrus mccormick,"1837, 1834",1844,0
when is the next scandal episode coming out,"February 1, 2018","I'm a large language model, I don't have information on specific TV show release dates.",0
who wrote antigone and what are the dates of his birth and death,"winter 406/5 BC, c. 497/6, Sophocles",Sophocles born 496 died 406,0
what goes on the bottom of shepherd's pie,"minced meat, mashed potato",ground beef,0
where does the ohio river and the mississippi river meet,"Cairo, Illinois",Cape Girardeau,0
how many kilometers of great wall of china,"8,850 km, 21,196 km","13,171",0
when did they start assigning social security numbers at birth,1990,1936,0
under the federal unemployment tax act which party pays unemployment taxes,"Employers, the employer",Employer,0
what are the names of the hunger games,The Hunger Games,Catching Fire Mockingjay,0
where does safe haven take place in the book,"Southport, North Carolina",England,0
who played jason in friday the 13th the final chapter,Ted White,Ted White,1
state the position of india in terms of population size,second,Second,1
real name of daya in taarak mehta ka ooltah chashmah,Disha Vakani,Tanujvi,0
when does the shape of water book come out,"March 6, 2018",2017,0
who discovered that neural communication between cells occurs through chemicals,Charles Sherrington,Charles Scott,0
who may be affected by monetary penalties imposed by the irs,Taxpayers in the United States,Taxpayers,0
where did they film ghosts of girlfriends past,Massachusetts,New York City,0
aphasia is a term defining difficulty or loss of ability to,"comprehend and formulate language, formulate language",Communicate,0
what was icq as related to instant messaging,an instant messaging client,Instant messaging platform,0
how many episodes in adventure time season 1,26,22 episodes,0
when did the us stop drafting for the vietnam war,1973,June 30 1971,0
who were the bands in pitch perfect 3,"Evermoist, Saddle Up, the Bellas","Bellas
Treblemakers",0
when does walking dead season 8 second half start,"October 22, 2017, February 25, 2018",February 25,0
who plays whitey bulger's girlfriend in black mass,"actress Dakota Johnson, Dakota Johnson",Julianne Nicholson,0
when will the next episode of flash be aired,"May 15, 2018",I don't have information on future episodes,0
who plays izabella in transformers the last knight,Isabela Moner,Isabela Moner,1
who has the most yards per carry in nfl history,"Emmitt Smith, Jim Brown",Adrian Peterson,0
sweet leavened bread prepared for easter in romania,"Kozunak, Cozonac",Pască,0
when were birth certificates first issued in the united states,"1902, 1900, From 1900 to 1946",1794,0
where was because i could not stop for death published,"1890, Poems: Series 1",New England,0
oppo is sponsor of which country's national cricket team,"the Indian national cricket team, India",Pakistan,0
when did fender start making amps in mexico,1996,1980s,0
where will be the next olympics be held,Tokyo,Paris 2024,0
what is the money called in south korea,"won, The won",Won,1
name of the boundary line between india and bangladesh,International Border (IB),Radcliffe Line,0
what tectonic setting is responsible for the folded mountains of pennsylvania and the high himalaya,a convergent plate boundary,Continental collision,0
when does dragon ball super episode 130 comes out,"March 18, 2018",Not available,0
what percentage of the population is naturally blonde,2%,around 2 percent,0
how long did it take to build the great pyramid of egypt,20-year period,30 years,0
who was the president of pakistan during 1971 war,"President Yahya Khan, Yahya Khan",Yahya Khan,1
what is the scientific name for the calf muscle,"gastrocnemius, soleus, gastrocnemius muscle",Biceps femoris,0
where in the constitution is the executive branch referenced,Article Two,Article II,0
what emperor took over france after the reign of terror,"Napoleon, Napoleon Bonaparte",Napoleon,1
who plays mr wilson in dennis the menace,Joseph Sherrard Kearns,Joe Besser,0
who are the judges on the fisa court,"Thomas Russell, Claire Eagan, Dennis Saylor, Anne Conway, Raymond Dearie, Robert Kugler, James Jones, Rudolph Contreras, Jeb Boasberg, Michael Mosman","FISA Court Judges 

1. James E. Boutrous Jr
2. Richard C. Wesley 
3. Thomas B. Russell 
4. Kenneth M. Karas 
5. Claire V. Eagan 
6. Michael W. Mosman 
7. Richard A. Carnes",0
when did rob dyrdek's fantasy factory end,"March 5, 2015",2015,0
who was the girl in the video brenda got a baby,"Ethel ""Edy"" Proctor",Tatyana Ali,0
who discovered that plants were made of cells,Parashara,Theobald,0
when did disney art of animation resort open,"May 31, 2012",2012,0
do you have to have a gun permit to shoot at a range,"Typically, no",No requirement,0
the area enclosed by hysteresis loop is a measure of,energy loss,Energy loss,1
when did rachel have her baby on friends,"May 16, 2002",Ross,0
list of rights protected by the first amendment,"the free exercise of religion, right to peaceably assemble, freedom of the press, the freedom of the press, freedom of speech, free exercise of religion, the freedom of speech, the right to peaceably assemble","Speech freedom
Press freedom
Religious freedom
Assembly freedom
Petition freedom",0
when did the last state became a state,"Hawaii, August 21, 1959",Hawaii 1959,0
different ways to say bless you in french,"à tes / vos souhaits, Santé","Salut santé
Bonne chance
À bientôt",0
who has been designed as the new finance secretary of india,Hasmukh Adhia,TV Somanathan,0
who sings angel of the morning in deadpool,"Juice Newton, Juice Newton's",Janis Ian,0
when did last podcast on the left start,2011,2016,0
who won first ancient olympic 200 yard race,Coroebus of Elis,Coroebus,0
what are the spices in chinese 5 spice powder,"Sichuan pepper, Cloves (dingxiang 丁香), Star anise, Cloves, Chinese cinnamon, Fennel seeds",Cinnamon Cloves Fennel Szechuan Pepper Star Anise,0
who played major hochstetter in hogan's heroes,Howard Caine,John Banner,0
when was beowulf most likely composed when did it's events probably take place,"in the 7th century, 700–1000 AD",Anglo Saxon period,0
who played nicky on the drew carey show,Kate Walsh,Jaleel White,0
who had the most governmental power under the articles of confederation,the states,The President,0
yo la tengo theres a riot going on release date,"March 16, 2018",March 24,0
when did athens emerges as wealthiest greek city state,the late 6th century BCE,5th century BCE,0
when was national service abolished in the uk,"1960, November 1960, 31 December 1960",1970,0
bruce springsteen we shall overcome the seeger sessions songs,"""Old Dan Tucker"", ""Erie Canal"", ""Jacob's Ladder"", ""Shenandoah"", ""Mrs. McGrath"", ""We Shall Overcome"", ""My Oklahoma Home"", ""Jesse James""","Devil's Arcade
Mary's Place
The Ties That Bind
Jesse's Girl 
Martha's Room 
Rosalita (Come Out Tonight)",0
what us president is the only president to become an eagle scout,Ford,Gerald Ford,0
who is regarded as the founder of psychoanalysis,"Austrian neurologist Sigmund Freud, Sigmund Freud",Sigmund Freud,1
how many episodes are in chicago fire season 4,23,22 episodes,0
who played the daughters in last man standing,"Alexandra Krosney, Molly Ephraim, Kaitlyn Dever, Amanda Fuller",Alexandra Krosney,1
who played maudie in the movie el dorado,Charlene Holt,Katharine Hepburn,0
when does isle of dogs come out in us,"April 13, 2018, March 23, 2018, March 23, 2018",May 2018,0
who does marge's voice on the simpsons,Julie Deborah Kavner,Helen Berger,0
who is the drummer for guns and roses,Frank Ferrer,Steven Adler,0
how do you say evil eye in greek,"matiasma, vaskania (βασκανία)",Matia,0
who won the battle of stirling bridge 1297,"Scottish victory, William Wallace, Andrew Moray",Scots,0
when was the book pride and prejudice written,"28 January 1813, 1813",1813,1
when did the first junie b jones book come out,1992,1992,1
how long have we been celebrating pi day,"1988, 2009",1988,1
who is the number one ranked golfer in the world right now,Dustin Johnson,Jon Rahm,0
who plays the mouse in alice in wonderland,Barbara Windsor,Tilda Swinton,0
which organelle is the site of atp production and storage,mitochondrion,Mitochondria,0
which songs did liam write as you were,"I've All I Need, For What It's Worth, When I'm in Need, You Better Run, Bold, Greedy Soul, I Get By, Wall of Glass, Universal Gleam, Come Back to Me",All of them,0
who played gareth in four weddings and a funeral,Simon Callow,Hugh Grant,0
what is the final season of downton abbey,"the sixth, sixth, six, the sixth series, Six",Season 6,0
where did the term hot rod come from,southern California,California,0
which church was given a letter in the book of revelation,"Philadelphia, Ephesus, Sardis, Smyrna, Pergamum, Thyatira, Laodicea",Babylon,0
cast of law & order special victim unit,"Kelli Giddish, Richard Belzer, Stephanie March, Diane Neal, Ice-T, Danny Pino, Dann Florek, Tamara Tunie, Michaela McManus, Mariska Hargitay, Adam Beach, B. D. Wong, Christopher Meloni, Raúl Esparza, Michelle Hurd, Peter Scanavino","Mariska Hargitay
Ice-T
Kelli Giddish
Tamara Tunie
Richard Belzer
Michelle Hurd
Olivia Wilde
Peter Scanavino
Jamie Gray Hyder",0
what book of the bible is the song of solomon in,"Song of Solomon, Song of Songs",Old Testament,0
when did the military plane crash in mississippi,"July 10, 2017",I couldn't find any information on a specific military plane crash in Mississippi.,0
who has the most international goals of all time,Ali Daei,Cristiano Ronaldo,0
who played bat masterson in the movie tombstone,Mason Alan Dinehart,Gene Barry,0
tools made from high-speed tool steel are generally used for what type of machining operations,milling,High speed,0
where does the this is us family live,Pittsburgh,Pittsburgh Pennsylvania,0
how many pennsylvania house of representatives are there,"203, 203 members",203 members,1
when did fortnite battle royal come out on xbox,September 2017,September 12th 2017,0
two examples where low voltage transformers are used,"doorbell installations, toys","Data centers
Industrial equipment",0
what is the center of heredity in a cell,"nucleus, Cell nuclei, the nucleus, chromosome",Nucleus,1
when was the first dark tower book published,"1982, 1998",1982,1
when do you get your white coat in pharmacy school,before the first year begins,White coat ceremony typically occurs during first year of pharmacy school,0
when did the ouija board game come out,"July 1, 1890",1860s,0
who warned europe to stay out of the americas,"Monroe Doctrine, Roosevelt Corollary",Columbus,0
who played desmond doss father in hacksaw ridge,Hugo Weaving,Terry Notary,0
who did carolina lose to in the super bowl,"Denver Broncos, New England Patriots",Panthers,0
who is the founder of the ubuntu project,Mark Richard Shuttleworth,Mark Shuttleworth,0
for complaints of sudden chest pain patients should take a,Aspirin,Aspirin,1
who won the most medals at the 2014 winter olympics,"Russia (, Russia",Norway,0
where is urinary bladder located in human body,"on the pelvic floor, pelvic floor",Pelvic cavity,0
when was kudzu introduced to the united states,"1876, in 1876",1868,0
name the cell which is attached to the lateral side of sieve tube,sieve tube elements,Cytosome,0
where was the flag placed on the moon,"Hadley–Apennine, Sea of Tranquility, Fra Mauro formation, Descartes Highlands, Ocean of Storms, Taurus–Littrow",Sea of Tranquility,1
who won the first celebrity big brother on channel 5,Jack Dee,Dannii,0
where was the movie strangers prey at night filmed,"Covington, Kentucky",British Columbia,0
how did the dominican republic get its name,"patron saint, Saint Dominic",Dominican Republic,0
who played the mother in the black stallion,Teri Garr,Debra Winger,0
when is the end of the football season,"February 4, 2018",December,0
when did michael jordan return to the nba,"2001, 1995, March 1995, in March 1995",1995,1
where is geothermal energy used the most in the us,California,Iowa,0
when did jack mccoy join law and order,1994,1994,1
where was the u.s.s maine when it exploded in 1898,Havana Harbor,Cuba harbor,0
who sings the original windmills of your mind,Noel Harrison,Maurice Williams,0
what color pages in the emergency response guidebook (erg) list compounds by name,blue,Yellow,0
who won three stanley cups in a row,"Toronto Maple Leafs, New York Islanders, Montreal Canadiens",Montreal Canadiens,1
what is alpha centauri's approximate distance from earth,4.37 light-years,4 light years,0
what is the weight of a honda fit,"1,020–1,080 kg",varies by trim,0
when will the 2018 oscar nominations be announced,"January 23, 2018",January 23,0
who is the father of lucius in gladiator,Lucius Verus,Marcus Aurelius,0
guardians of the galaxy blue guy in prison,Michael Rooker,Yondu,0
of which country is sofia the capital city,Bulgaria,Bulgaria,1
what is the legal age for marriage in australia,18,18 years,0
what percentage of the us population lives below the poverty line,"13.5%, In 2015, 13.5%",around 12%,0
where can you find dna in the body,"chromosomes in a cell, inside the cell nucleus",Blood cells,0
who played in last train from gun hill,"Bing Russell, Earl Holliman, Val Avery, Brad Dexter, Kirk Douglas, Brian G. Hutton, Walter Sande, Carolyn Jones, Anthony Quinn, Ziva Rodann",Lee Marvin,0
who won women's singles us open 2017,Sloane Stephens,Sloane Stephens,1
who played the female lead in the 1942 film casablanca,"romantic drama, Ingrid Bergman",Ingrid Bergman,1
which government had more power under the articles of confederation,"the states, states",States,1
3 candidates for the democratic nomination in 1960,"George H. McLain, Pat Brown, John F. Kennedy","John F Kennedy
Hubert Humphrey
Estes Kefauver",0
when did the astros change from the national league to the american league,"2013, March 31, 2013",1969,0
who wrote the song would i lie to you,"Peter Vale, Mike Leeson",Stevie Wonder,0
when is the last time the philadelphia won the superbowl,"Super Bowl LII,, 2017",Super Bowl LII,0
who is the actor that plays jt on the young and the restless,Thaddeus Rowe Luckinbill,Jason Thompson,0
who did the mavericks beat in the finals,Miami Heat,Golden State,0
who built pedestrian bridge at florida international university,"Munilla Construction Management, FIGG Bridge Engineers",Arup Group,0
mark who went to golf majors in 1998,"Mark O'Meara, O'Meara",Vijay,0
is coca cola a public or private company,Public,Publicly traded,0
host of the late show who was once a correspondent for the daily show,"Stephen Colbert, Craig Kilborn",Stephen Colbert,1
where is fort myers located at in florida,"Lee County, the Southwest",Southwest Florida,0
who plays jack in battle of the sexes,"Bill Pullman, (Bill Pullman",Chris Evans,0
was star wars a book or a movie first,film,Book,0
when did beds become popular in france and germany,the 12th century,Middle Ages,0
who owns the golden nugget casino in atlantic city,"Landry's, Inc.",Tropicana,0
where was the tv show friday night lights filmed,"Austin, Pflugerville",Texas,0
who came out first batman or spider man,"Batman, Superman",Batman,1
where did they film the book of eli,"New Mexico, in New Mexico",New Mexico,1
who kills barry's mom in the flash,"Professor Eobard Thawne, Thawne",Trevor,0
where are the spanish steps located in italy,Rome,Rome Italy,0
who is mostly responsible for writing the declaration of independence,Thomas Jefferson,Thomas Jefferson,1
where did they film woody the woodpecker movie,Canada,British Columbia,0
what is the second largest country in asia,China,China,1
star trek the next generation season 3 episode 24,"""Ménage à Troi""",The Drumhead,0
what was the alliance between great britian russia and france known as,The Triple Entente,Entente Cordiale,0
who won the oscar for best actor in 1975,Art Carney,Art Carney,1
how many times have the winter olympics been in the usa since 1924,"1960, 2002, four, four times, 1932, 1980",Three,0
legislation regarding data protection and security in uk,"The Data Protection Act 1998, Data Protection Act 1998",Data Protection Act,0
when did the smoking ban in public places start,"August 2, 1990, 1995",2007,0
who plays rooster's girlfriend on the ranch,"Maggie Lawson, Megyn Price",Eva Longoria,0
who sings you are a magnet and i am steel,Walter Egan,Kenny Chesney,0
where is the tv show the curse of oak island filmed,Oak Island,Nova Scotia Canada,0
who picks the chief justice of the illinois supreme court,the court,Governor,0
when did the first ninja turtles come out,"1984, May 1984",1984,1
where does the show the path take place,Upstate New York,New York,0
the world famous corn belt is in which country,"United States, the United States",United States,1
who has the highest corporate taxes in the world,"Argentina, Pakistan, Zambia, Benin, Gabon, Bangladesh, Burundi",Japan,0
who was the first territorial governor of oklahoma,George Washington Steele,John Drew,0
when does kc undercover season 3 episode 10 air,"November 10, 2017",Not available,0
what type of speed does a speedometer measure,"instantaneous speed, speed of a vehicle",Kilometers per hour,0
how long is a whale shark in meters,"12.65 m, estimated at 9.7 m, 9.7 m",Up to 20,0
who plays the lion in the movie zookeeper,Sylvester Stallone,Jack Black,0
who is doing 2018 super bowl half time show,Justin Timberlake,JLo and JLo,0
which level of weight bearing often comes with a set number of pounds,Partial weight-bearing,Partial weight,0
who became the it company ceo in 2016,Abid Ali Neemuchwala,Arvind Krishna,0
when did they stop saying mass in latin,"from 1967 onwards, 1967",1965,0
pace maker is associated with which body organ,"heart, the heart",Heart,1
what is the zebras name in peppa pig,"Zuzu, Daddy Zebra a.k.a. Mr. Zebra, Zaza, Zuzu & Zaza Zebra, Mummy Zebra a.k.a. Mrs Zebra, Zoe Zebra",Zoe,0
when was half life 2 episode 2 released,"in 2007, October 10, 2007",October 9,0
who plays genie in ferris bueller's day off,Jennifer Grey,Dan Castellaneta,0
who sang national anthem at the super bowl,Pink,Miley Cyrus,0
what is the name of the lymphatic vessels located in the small intestine,"lacteals, A lacteal, lacteal",Peyer's patches,0
who did the voiceover in michael jackson's thriller,"Vincent Price, actor Vincent Price",Vincent Price,1
what is the term of an official in the house of representatives,"two-year, Speaker of the House, Two years, Representatives",Term limits,0
when did reba mcentire record back to god,"February 3, 2017, 2017",1994,0
number of films in lord of the rings,three,Three movies,0
where do the phaeacians live in the odyssey,Scheria,Syracuse,0
who scored the most points in a game nba history,Wilt Chamberlain,Wilt Chamberlain,1
where did the french immigrants settle in texas,"1685, Arenosa Creek, present-day southeastern Texas, Matagorda Bay",Galveston,0
who started the state of the union address,Woodrow Wilson,George Washington,0
when was the last time clemson won the national championship,2016,2016,1
what are the functions of the human skeleton,"endocrine regulation, support, production of blood cells, protection, storage of minerals, movement",Support structure,0
where did they film season 8 of the walking dead,Georgia,Georgia USA,0
who sings the theme song for living single,Queen Latifah,Karyn Parsons,0
who plays ivo on once upon a time,Dan Payne,Jared S. Gilmore,0
when was the last time minnesota vikings was in the super bowl,"1969, XI",Never,0
who plays brad pitt's daughter in moneyball,Kerris Lilla Dorsey,Jessica Chastain,0
who sang the songs in the movie beyond the sea,Kevin Spacey,Kevin Spacey,1
the cast of a good day to die hard,"Mary Elizabeth Winstead, Sebastian Koch, Radivoje Bukvić, Jai Courtney, Bruce Willis, Yuliya Snigir, Sergei Kolesnikov",Bruce Willis Yuliya Snigir,0
last world series that didn't go 7 games,2015,2019,0
who sang our god is an awesome god,Rich Mullins,David Crowder,0
when was the first orca put in captivity,"in the 1960s, November 1961",1950s,0
where's the pro bowl going to be this year,Camping World Stadium in Orlando,Las Vegas,0
who sang the song a white sports coat and a pink carnation,Marty Robbins,Dean Martin,0
last team to win fa cup outside top flight,"Arsenal, West Ham United",Wrexham,0
who sings the pokemon theme song season 1,Jason Paige,Jason Paige,1
what is it called when you believe in greek gods,"Hellenism, Hellenic polytheist, Hellenic Polytheism",Hellenism,1
who proclaimed 5th october as world’s teachers day,UNESCO/ILO,UNESCO,0
who plays reggie the robot in justin's house,Ben Faulks,Ben Chaplin,0
where was the hindenburg scheduled to fly and how many passengers were on it,36 passengers,Lakehurst New Jersey,0
total strength of judges in supreme court of india,"24, 24 judges",13 judges,0
what is the point of a menstrual cup,"to collect menstrual flow, collect menstrual flow",Convenience,0
who created the pieta and also painted the ceiling of the sistine chapel,Michelangelo,Michelangelo,1
who sings far from the home i love in fiddler on the roof,Hodel,Hodel,1
where was the tv show high chaparral filmed,"California, Saguaro National Park, Old Tucson Studios in Arizona",Arizona desert,0
what is the largest city in the united states per square mile,Sitka,New York City,0
who was the mexican commander who surrendered to the texans at the capturing of san antonio,Sanchez Navarro,Martín Perfecto,0
who began the age of exploration in portugal,"King Dinis of Portugal, Afonso IV of Portugal, Prince Henry",Henry the Navigator,0
when is the running of the bulls held in spain,6–14 July,July 6-14,0
who sang how long has this been going on song,Ace,Janet Jackson,0
what was the lowest barometric pressure for hurricane irma,914 mbar (hPa),950 millibars,0
when did david akers kick the 63 yard field goal,"September 9, 2012",Super Bowl XLVII,0
who plays the scary nun in the conjuring 2,Bonnie Aarons,Demián Bichir,0
season 2 attack on titan how many episodes,12,25 episodes,0
where are the cones in the eye located,"the retina, in the fovea centralis, in the retina",Behind retina,0
which is the lion's mane jellyfish's species within its genus,"C. capillata, capillata, Cyanea capillata",Cyanea quinquecirrha,0
who has the most all star mvp awards,"Bob Pettit, Kobe Bryant",Tom Brady,0
when did korn's follow the leader come out,"August 18, 1998",1998,0
when did the battle of badr take place,13 March 624,624 AD,0
which abbott and costello movie has who on first,"The Naughty Nineties, One Night in the Tropics",Who's On,0
how many episodes in series 7 of game of thrones are there,"7, seven",10 episodes,0
how many gallons of water in the gulf of mexico,660 quadrillion US gallons,Approximately 2 million,0
fast and furious 7 red car abu dhabi,The Lykan Hypersport,W Motors,0
islamic term for the community of the faithful,"ummat al-Islamiyah, Ummah",Ummah,1
when did canada gain independence from great britain,"April 17, 1982",1867,0
who unveiled the new coat of arms on 27 april 2000,South Africa,Queen Elizabeth II,0
when was 13 reasons why released on netflix,"March 31, 2017",2017,0
five tools of security management to overcome computer crime,"Pre-evaluation, operative planning, post-evaluation, implementation, strategic planning","Firewall encryption

Intrusion detection

Password protection

Encryption software

Access control",0
who plays the principal in santa clarita diet,Thomas Lennon,Drew Barrymore,0
where is the country music hall of fame located,"Nashville, Tennessee",Nashville Tennessee,0
who has the world's largest standing army,"China, South Korea",China,1
how many hoops are used in a game of croquet,"six, eight",Four hoops,0
who was the captain of the mayflower which brought the pilgrims to plymouth,"Master Christopher Jones, Christopher Jones",Christopher Jones,1
how long are the episodes in stranger things season 1,42–62 minutes,45 minutes,0
what is the number of basic units in the international system of units,seven,Seven,1
who was elected senator of illinois in 1858,Stephen A. Douglas,Stephen Douglas,0
what is the number of cities in texas,961,over 1500,0
where was the original planet of the apes filmed at,"Utah, in northern Arizona, California, Arizona",Malibu Canyon,0
who sings find out who your friends are with tracy lawrence,"Kenny Chesney, Tim McGraw and Kenny Chesney, Tim McGraw",Tracy Lawrence,0
what is the 180 degree line of longitude called,"180th meridian or antimeridian, 180th meridian, antimeridian",Prime Meridian,0
who was the 19th c. artist who was both painter and graphic designer,René Georges Hermann-Paul,Alphonse Mucha,0
when was the nobel prize for literature first awarded,1901,1895,0
who plays the voice of the hormone monster,Nick Kroll,Jason Schwartzman,0
when did the first movie of harry potter come out,"16 November 2001, 2001",2001,1
where do most star formation occur in the milky way today,molecular clouds in interstellar space,Galactic Center,0
who won the oscar over wolf of wall street,"Terence Winter, Leonardo DiCaprio, Martin Scorsese, Jonah Hill",Gravity,0
total number of mna in pakistan national assembly,"332 members, 332",342,0
where does saying bob's your uncle come from,unknown origin,British politics,0
what type of joint connects the incus with the malleus,"synovial, a small synovial joint, synovial joint, incudomallear joint",Sutural,0
where does the highway of heroes start and end,Glen Miller Road in Trenton,Wellington Auckland,0
where are the 10 plagues found in the bible,"Exodus, Book of Exodus",Exodus chapters,0
who played tibbs on in the heat of the night,Howard Ellsworth Rollins Jr.,Howard Rollins,0
who has sold more albums kelly or carrie,"Carrie, Carrie Underwood",Carrie,1
theme of the song roar by katy perry,"self-empowerment, standing up for oneself",Empowerment,0
where did the name huey helicopter come from,originally designated HU-1,Huey aircraft,0
who plays charles on have and have nots,"Nick Sager, Nick Sagar",Terry Crews,0
who has the most followers on the instagram,"Instagram's own account, Selena Gomez",Cristiano Ronaldo,0
who is the current director of the us mint,"David J. Ryder, David Motl",David Jedlicka,0
when is the 5th round fa cup played,"29 January 2018, February 2018, 16 February 2018",Late January,0
when were the beatles inducted into the rock and roll hall of fame,1988,1988,1
what is the name of the gap between two front teeth,"diastema (plural diastemata), diastema",Diastema,1
when did the nfl adopt a salary cap,"the 1994 season, for the 1994 season, 1994, 1994 season",1994,1
when did the cubs won a world series,"1908, 1907, 2016",2016,1
when did the ottoman empire surrender in ww1,"1918, 30 October 1918",1918,1
what color is the cue ball in pool,white,White,1
when did the 5 day work week begin,"1908, In 1908, 1940",1914,0
when does april fools day end at noon,April 1st,Never,0
what is the rank of pakistan in population,5,Sixth largest,0
who grows the most coffee in the world,Brazil,Brazil,1
who plays peter in what we do in the shadows,Ben Fransham,Kayvan Novak,0
who plays connor's mom in madeas christmas,Kathy Najimy,Tika Sumpter,0
who died in the plane crash greys anatomy,"Dr. Lexie Grey, Lexie",Mark Sloan,0
tumhi ho bandhu sakha tumhi cast real name,"Aalika Sheikh, Vineet Raina, Mahesh Tanwar, Chandni Bhagwanani, Lavina Tandon, Rehaan Khan, Madhu Malti Kapoor, Tushar Dalvi, Neha Dangal, Neeraj Goswani, Kabeer K, Sreejita De, Dimple Jhangiani, Aishwarya Narkar, Neil Bhatt, Ravjeet Singh","Rajeev Khandelwal, Shweta Munshi",0
who wrote there's a guy works down the chip shop lyrics,"Philip Rambow, Kirsty MacColl/Philip Rambow, Kirsty MacColl",Karl Barret,0
how long prime minister stay in office canada,four years,Variable,0
what is the movie about six degrees of separation,Six Degrees of Separation,Social connections,0
who wrote the text for jeanie with the light brown hair,Stephen Foster,Ernest Thayer,0
who played cosette in les miserables on broadway,"Samantha Hill, Judy Kuhn, Ali Ewoldt",Lea Salonga,0
who got the most rings in the nba,Bill Russell,Bill Russell,1
who sings the skye boat song on outlander,"Bear McCreary, Raya Yarbrough",Douglas Campbell,0
when did movies start coming out in color,"introduced around 1940, 1895",1930s,0
who is the girl in the stone sour video say you'll haunt me,Joanna Moskawa,Jessica Origliasso,0
where was the summer olympics held in 2012,"London, London, United Kingdom",London,1
who did the steelers lose to in the playoffs last year,New England Patriots,Bills,0
who wrote the song rainy days and mondays,"Paul Williams, Roger Nichols, Roger Nichols and Paul Williams",Elton John,0
who is known as the philippine queen of bossa nova,Sitti Navarro,Lea Salonga,0
where was the outlaw of josey wales filmed,"Kanab, Utah, Lake Powell, Wyoming, Utah, Oroville, California, Arizona",New Mexico,0
when's the last time philly won the superbowl,2017,Super Bowl LII,0
an open-source clone of unix created in the early 1990s,"GNU/Linux, Linux",Linux,1
how many goals did mikel score for chelsea,"6, 1",None,0
who played ben stone son on law and order,Michael Moriarty,Jerry Orbach,0
when was the last time university of michigan won a national championship,1997,Football 1997,0
who sang nice day for a white wedding,Billy Idol,Billy joel,0
who played ashley on the young and the restless,"Brenda Epperson, Shari Shattuck, Eileen Davidson",Kelli Goss,0
what does g stand for in ncis los angeles,Grisha,Gerald,0
who wrote the first declaration of human rights,Cyrus,John Locke,0
jharkhand which festival is associated with cattle worship,Sohrai,Bihu,0
who was charlie writing to in perks of being a wallflower movie,an unknown recipient,Sam,0
which central american nations border the pacific ocean and the caribbean sea,"Nicaragua, Costa Rica",Costa Rica Panama,0
who sings will you still love me when i'm not young and beautiful,Lana Del Rey,Taylor Swift,0
where are more than half your bones located,the appendicular skeleton,Spine,0
what does aa on a license plate mean,cars of the royal family,Alaska resident,0
when did the apple iphone se come out,"March 31, 2016, March 21, 2016",2016,0
who does the voice of little chef in ratatouille,Ian Holm,Patrick Ratigan,0
how many times have real madrid won the champions league in a row,"five times, five",Three,0
in the song i drive your truck who is he talking about,his brother,His daughter,0
at what age are you no longer a toddler,36 months,three years,0
what is on a mcchicken sandwich from mcdonalds,"a breaded chicken patty, shredded lettuce, mayonnaise, breaded chicken patty, toasted wheat bun, a toasted wheat bun",Chicken breast,0
whats the movie called with justin timberlake and time,In Time,In Time,1
a concave mirror can form a real image which is a copy of an object that forms,inverted,virtual object,0
who had the best strike rate among batsmen who scored over 200 runs in the world cup,"Chris Gayle, Rohit Sharma",Yuvraj Singh,0
when did the first battle of ypres end,22 November 1914,November 22nd,0
who sings why does it hurt when i pee,"Frank Zappa, Frank Zappa's",Barenaked Ladies,0
who were farmers who kept a small portion of their crops & gave the rest to the landowners,Sharecropping,Tributaries,0
who has won the most olympic medals in curling,"Torger Nergård, Eva Lund, Anette Norberg, Kevin Martin, Cathrine Lindahl, Anna Le Moine, Mirjam Ott",Sweden,0
what is one of the main goal of the democratic party,"social and economic equality, economic equality",Progressive policies,0
who sings you can't get what you want,the Rolling Stones,T Rex,0
where is the world's largest thermometer located,"Baker, California, USA, Baker, California",Death Valley,0
who plays the beast on the new beauty and the beast,Dan Stevens,Dan Stevens,1
north carolina delegate to the second continental congress,"Timothy Bloodworth, William Blount, John B. Ashe",Richard Caswell,0
who gets the most punishments on impractical jokers,Sal,Joseph,0
what is the name of governor of maharashtra,Chennamaneni Vidyasagar Rao,Eknath Shinde,0
what is the lead singers name of staind,Aaron Lewis,Mike Zulawski,0
when did the vikings first sail and reach britain,"6 January 793, 786–802",793 AD,0
who plays nathan's mother on general hospital,Donna Mills,Cynthia Watros,0
who supported states rights during the civil war,the Confederacy,Confederates,0
who is the actor that plays sneaky pete,Giovanni Ribisi,Mads Mikkelsen,0
who sang i want to be bobbys girl,Marcie Blane,Bobby V,0
where was 2017 beauty and the beast filmed,"Surrey, United Kingdom",France and UK,0
how many episodes of the white princess will there be,"eight, 8",One season,0
what part of the brain is in the middle cranial fossa,"pituitary gland, the temporal lobes, the pituitary gland, temporal lobes",Temporal lobe,0
when does flash come back on season 4 episode 17,"May 1, 2018, April 10, 2018",Season 5,0
where is dakar located on the world map,Senegal,West Africa,0
how long were the pyramids the tallest structure,"over 3,800, over 3,800 years","Over 4,000 years",0
which is the site of the light dependent reactions of photosynthesis,"thylakoid membranes, the thylakoid membranes",Thylakoid membranes,1
where was the movie silver linings playbook filmed,"Ridley Park, Lansdowne, just outside Philadelphia, Pennsylvania, Upper Darby",New Jersey,0
the duluth model is an intervention program that emphasizes,re-education,Family involvement,0
what is the full form of ib board,"International Baccalaureate, The International Baccalaureate",International Baccalaureate Board,0
when did slave to the rhythm come out,"May 8, 2014, 2010",1984,0
state with highest population growth rate in india 2011,"Dadra and Nagar Haveli, Meghalaya",Nagaland,0
where are the first nations located in canada,south of the Arctic,Northern territories,0
where does puerto rico's power come from,Puerto Rico Electric Power Authority,Fossil fuels,0
who was elected the president of constituent assembly,"Rajendra Prasad, Dr. Rajendra Prasad, INC, Dr. Rajendra Prasad",Dr Rajendra Prasad,0
a synonym for the content component of communication is,information,Message,0
different ways to spell corey for a boy,"Coire, Kori, Correy, Cory, Khouri, Corrie, Corie, Kory, Corey",Corey Corie Coreye Korey Kory,0
active absorption of water from the soil by the root is mainly affected by,"SURFACE AREA OF ROOTS, ATP",Soil pH,0
when was the first ford f 150 made,1975,1948,0
who votes in the speaker of the house,The House of Representatives,Members of House,0
who plays young agent o in mib 3,Alice Eve,Josh Keaton,0
who plays hulk in the thor and avengers series of movies,"Rick D. Wasserman, Fred Tatasciore",Mark Ruffalo,0
when does boomer find out she a cylon,Kobol's Last Gleaming,Episode 13,0
what's the largest city park in the united states,Franklin Mountains State Park,Central Park,0
who wrote the poem for whom the bell tolls,"Ernest Hemingway, John Donne",Ernest Hemingway,1
three largest cities in the world by population,"Beijing, Shanghai, Delhi","Shanghai
Delhi
Mumbai",0
where can the mona lisa be found today,"Musée du Louvre, Paris, Louvre Museum in Paris",Louvre Museum,0
how many levels of protein structure are there,four,Four,1
when did university stop being free in australia,1989,1989,1
panic at the disco song about a wedding,I Write Sins Not Tragedies,I Write Sins Not Tragedies,1
how many pages are in the book inside out and back again,263,192 pages,0
what is the most famous building in rennes,"Parlement de Bretagne, The Parlement de Bretagne",Cathédrale,0
when did the song things that make you go hmmm come out,"June 1991, June 23, 1991",1995,0
who plays the dad in girl meets world,"Ben Savage, Cory Matthews",Ben Savage,1
who played the dad in a christmas story,"Darren McGavin, Ian Petrella",Darren McGavin,1
who plays the dwarf king in the hobbit,Richard Crispin Armitage,Graham McTavish,0
when do you declare honors in contract bridge,any time after the auction,After scoring,0
what is the name of manchester united stadium,Old Trafford,Old Trafford,1
when is if loving you is wrong coming back season 4,"September 19, 2017, March 7, 2018",No official release date,0
who won season 16 on dancing with the stars,"Kellie Pickler, Derek Hough",Kellie Pickler,1
what is the account number of airtel payment bank,Your Airtel mobile number,AIBA0000129,0
when did the crucifix become the symbol of christianity,"in the 2nd century, 4th century, the 4th century",4th century,1
when was the first commercial cell phone released,"1983, 1973",1983,1
what type of boundary was the mexico earthquake,a subduction zone,Transform fault,0
how long is one full rotation of the earth,about 24 hours,27 days,0
on which river did the exploration of the louisiana purchase begin,"Missouri River, the Missouri River",Missouri River,1
where did the world's largest recorded wave occur,Lituya Bay in Alaska,North Sea,0
where does half life 2 episode 2 take place,outside City 17,City 17,0
sequel to a christmas story it runs in the family,My Summer Story,A Christmas Carol,0
who sings the song rock you like a hurricane,"German rock band Scorpions, Scorpions",Scorpions,1
who played bailey in the sisterhood of the traveling pants,Jenna Boyd,Camilla Sparv,0
when does season 18 of law and order svu start,"September 21, 2016",No official date announced,0
where does the term jack mormon come from,"Jackson County, Missouri",Mormonism,0
what kind of animals live in the great victoria desert,"malleefowl, water-holding frog, great desert skink, sandhill dunnart, dingo, sand goanna, crest-tailed mulgara, southern marsupial mole, chestnut-breasted whiteface, perentie",Dingos lizards snakes,0
what is the coldest it has ever been in antarctica,−128.6 °F,-128.4 degrees,0
authorities involved in formulating accounting standard in india,"government department, FICCI, other professional bodies, ASSOCHAM, CII, Accounting Standards Board, ICAI, academicians",Securities and Exchange Board of India SEBI,0
what kind of metric system does the us use,"international units, United States customary units",Imperial,0
who is the president of the republic of zambia,Edgar Lungu,Hakainde Hichilema,0
in another world with my smartphone japanese title,異世界はスマートフォンとともに,Isekai no Smartphone,0
who are the permanent member of un security council,"China, United Kingdom, United States, Russia, France",China France Russia USA UK,0
who designed the earth day flag in 1969,John McConnell,John McConnell,1
when was the last time villanova won the ncaa basketball championship,2018,2018,1
what is the biggest determinant of climate in venezuela,altitude,Andes Mountains,0
the king of kalinga in the mauryan period was,Ashoka,Kalinga Raja,0
who is the no. 1 ranked tennis player in the world,Rafael Nadal,Novak Djokovic,0
where was the capital of the habsburg empire located,"Prague, Vienna",Vienna,1
which is the fastest train in india and what is its speed,"Gatiman, 160km/hour, Mumbai Rajdhani Express",Vande Bharat Express,0
who votes in the baseball hall of fame,"or the Veterans Committee, Veterans Committee",Baseball writers,0
who does the voice of cruz on cars 3,Cristela Alonzo,Ron Funches,0
when did hootie and the blowfish come out,"2003, 1986, March 4, 2003",1994,0
who were the the continent of the americas named after logically,Amerigo Vespucci,Americus,0
who is the guy that jumped from space,Felix Baumgartner,Alexei Leonov,0
who starred in the remake of true grit,"Hailee Steinfeld, Jeff Bridges, Barry Pepper, Matt Damon, Josh Brolin",Harrison Ford,0
when is the next step season 3 coming out,"March 16, 2015",Never announced,0
when was i don't like mondays released,"1979, 21 July 1979",2008,0
who decides where the super bowl is played,"The NFL owners, NFL owners, the NFL",NFL,0
when did the wall go up in east germany,"), starting on",1961,0
who is the longest serving manager in manchester united history,Sir Alex Ferguson,Matt Busby,0
what river is associated with the city of rome,"The Tiber, Tiber",Tiber River,0
what is bermuda competing in the winter olympics,Cross-country skiing,No Winter Olympics,0
fictional character whose favorite song was blueberry hill,Richie Cunningham,Lola Carlton,0
where is cinque terre italy on a map,"Liguria, Italy",Tuscany Italy,0
who is the highest paid baseball player in the major leagues,"Clayton Kershaw, Alex Rodriguez",Aaron Judge,0
what is the average height of a chinese man,5 ft 6 in,172cm,0
where does us highway 1 start and end,"Fort Kent, Maine, to Key West, Florida, Key West, Florida",Florida California,0
who laid foundation stone of islamia college peshawar,"Haji Sahib, Haji Sahib of Turangzai",Sir Syed,0
what is the big gold dome in jerusalem,Dome of the Rock,Dome of the Rock,1
when did holland become involved in world war 2,"15 May 1940, 10 May 1940",May 1940,0
which philosopher advocated the idea of return to nature,Bacon,Henry David Thoreau,0
who led the conquest of the incas in south america,"Francisco Pizarro, conquistador Francisco Pizarro",Francisco Pizarro,1
where does the pulmonary trunk receive blood from,"the right ventricle, from the heart, the heart",Right and left aorta,0
what is the symbol for christmas in brazil,"Nativity scene, Christmas Tree",Pão de Natal,0
what is the genus of a bald eagle,Haliaeetus,Haliaeetus,1
when was the last time the los angeles lakers won a championship,"2010, in 2010",2010,1
what is the collection of the districts to the east of the jordan river,"Jordan, Golan Heights",Transjordan,0
who plays the characters in yo gabba gabba,"DJ Lance Rock, Gooble, Brobee, Foofa, Muno, Plex, Toodee",Ty and friends,0
who won oscar for best director this month,Guillermo del Toro,"I don't have real-time information, but I can suggest checking the latest news or Oscar website for the most recent winner.",0
what type of reproduction do whiptail lizards use,"parthenogenesis, Parthenogenesis, parthenogenic",Parthenogenesis,1
who sings love will keep us alive by the eagles,Timothy B. Schmit,Don Henley,0
symbolic interactionism is the basis for which theoretical model,"role theory, versions of Identity Theory, sociological",Social Exchange,0
who hung the lanterns in the old north church,"Robert Newman, Captain John Pulling",Paul Revere,0
who designed the garden city of new earswick,"planner Raymond Unwin, architect Barry Parker, Raymond Unwin",Octavia Hill,0
where is the university of wisconsin madison located,"Madison, Wisconsin",Madison Wisconsin,0
where is dia de los muertos celebrated in mexico,"the Central and South regions, October 31",Oaxaca city,0
a town in west yorkshire on the river aire home to a rugby league team,Castleford,Castleford,1
how many seasons of the glades were made,four,Two,0
who played the mom in the partridge family,Shirley Mae Jones,Shirley Jones,0
who won the academy award for best original musical score,"Alexandre Desplat, The Shape of Water",Dune,0
where are the highest average incomes found in north america,Virginia,New York,0
what hangs from the trees in the bayou,Spanish moss,Spanish moss,1
where is the food stored in a yam plant,an edible tuber,Underground tubers,0
whens the last time the patriots played the eagles,Super Bowl LII,December 24 2022,0
another name for the torso is the blank region of the body,trunk,Chest,0
who played the oldest brother in 7th heaven,Barry Watson,David Gallagher,0
how many seasons of from dusk till dawn are there,third season,Three,0
what is the female lion called in lion king,Nala,Sarabi,0
when did martial law in the philippines end,"1981, 81",1986,0
number of degree of freedom for plane mechanism,"six, two",n degrees,0
name of volcano that erupted in iceland in 2010,Eyjafjallajökull,Eyjafjallajökull,1
where does summer of the monkeys take place,"Oklahoma, Missouri",Jamaica,0
who played young monica in love and basketball,Kyla Pratt,Kyla Pratt,1
in the texas legislature the house has members and the senate has,"member, 31-member Senate",Senators,0
